{
  "name": "angular-mocks",
  "version": "1.6.8",
  "license": "MIT",
  "main": "./angular-mocks.js",
  "ignore": [],
  "dependencies": {
    "angular": "1.6.8"
  },
  "homepage": "https://github.com/angular/bower-angular-mocks",
  "_release": "1.6.8",
  "_resolution": {
    "type": "version",
    "tag": "v1.6.8",
    "commit": "8ff5b5674fd5061aad798b468c41e50b8a054e75"
  },
  "_source": "https://github.com/angular/bower-angular-mocks.git",
  "_target": "^1.6.8",
  "_originalSource": "angular-mocks",
  "_direct": true
}