{
  "name": "angular-resource",
  "version": "1.3.6",
  "main": "./angular-resource.js",
  "ignore": [],
  "dependencies": {
    "angular": "1.3.6"
  },
  "homepage": "https://github.com/angular/bower-angular-resource",
  "_release": "1.3.6",
  "_resolution": {
    "type": "version",
    "tag": "v1.3.6",
    "commit": "8828133f9d31c149365ab619dba0917850f2b1c0"
  },
  "_source": "https://github.com/angular/bower-angular-resource.git",
  "_target": "1.3.6",
  "_originalSource": "angular-resource",
  "_direct": true
}